{
  "vsc-extension-quickstart.md": 1728315288.224071,
  "CHANGELOG.md": 1728315288.224071,
  "README.md": 1728315288.224071
}